id_paciente;Nombre Paciente;Correo Paciente
1;Luis Hernández;luis.hernández94@hotmail.com
2;Ana Vargas;ana.vargas8@gmail.com
3;Juan López;juan.lópez6@gmail.com
4;Pedro Gómez;pedro.gómez39@yahoo.com
5;Ana Vargas;ana.vargas27@yahoo.com
6;Elena Gómez;elena.gómez6@gmail.com
7;Ana Torres;ana.torres56@gmail.com
8;Pedro Fernández;pedro.fernández19@gmail.com
9;Luis Gómez;luis.gómez3@gmail.com
10;Luis Vargas;luis.vargas23@gmail.com
11;Juan Rodríguez;juan.rodríguez43@hotmail.com
12;Elena Rodríguez;elena.rodríguez33_at_gmail.com
13;Ana Gómez;ana.gómez28@gmail.com
14;Lucía Pérez;lucía.pérez71@gmail.com
15;CARLOS RODRÍGUEZ;carlos.rodríguez35@gmail.com
16;Lucía Martínez;lucía.martínez83_at_yahoo.com
17;Pedro Hernández;pedro.hernández82@yahoo.com
18;Sofía López;sofía.lópez24@yahoo.com
19;SOFÍA PÉREZ;sofía.pérez49@hotmail.com
20;Luis Gómez;luis.gómez27@gmail.com
21;Carlos Martínez;carlos.martínez9@gmail.com
22;Pedro Ramírez;pedro.ramírez68@gmail.com
23;Elena Gómez;elena.gómez26_at_yahoo.com
24;Miguel Pérez;miguel.pérez40@yahoo.com
25;JUAN PÉREZ;juan.pérez55_at_gmail.com
26;Miguel Ramírez;miguel.ramírez44_at_yahoo.com
27;Juan Torres;juan.torres98@yahoo.com
28;Sofía Torres;sofía.torres81@gmail.com
29;María Pérez;maría.pérez51@yahoo.com
30;Ana Vargas;ana.vargas19@yahoo.com
31;CARLOS PÉREZ;carlos.pérez4@hotmail.com
32;Miguel Ramírez;miguel.ramírez21@gmail.com
33;JUAN FERNÁNDEZ;juan.fernández20_at_gmail.com
34;Miguel López;miguel.lópez2_at_hotmail.com
35;María Gómez;maría.gómez73_at_gmail.com
36;LUCÍA RAMÍREZ;lucía.ramírez90@hotmail.com
37;María Pérez;maría.pérez58@gmail.com
38;Pedro Torres;pedro.torres43@yahoo.com
39;Carlos Martínez;carlos.martínez7_at_yahoo.com
40;Sofía Martínez;sofía.martínez69@yahoo.com
41;Carlos Torres;carlos.torres92@hotmail.com
42;Carlos Vargas;carlos.vargas68@gmail.com
43;María Rodríguez;maría.rodríguez42@hotmail.com
44;Luis Martínez;luis.martínez57@gmail.com
45;Miguel Fernández;miguel.fernández59@gmail.com
46;Lucía Torres;lucía.torres82@yahoo.com
47;Lucía Gómez;lucía.gómez77@hotmail.com
48;ELENA TORRES;elena.torres2@gmail.com
49;Miguel Ramírez;miguel.ramírez4@yahoo.com
50;Elena Hernández;elena.hernández44@hotmail.com
51;Sofía Gómez;sofía.gómez30@yahoo.com
52;Elena Rodríguez;elena.rodríguez70@gmail.com
53;MARÍA HERNÁNDEZ;maría.hernández71@gmail.com
54;Lucía Pérez;lucía.pérez65@hotmail.com
55;Ana Hernández;ana.hernández87@yahoo.com
56;Pedro López;pedro.lópez67@yahoo.com
57;Juan Martínez;juan.martínez20@gmail.com
58;Sofía Pérez;sofía.pérez60@gmail.com
59;JUAN LÓPEZ;juan.lópez57@gmail.com
60;Luis López;luis.lópez39@yahoo.com
61;Lucía Vargas;lucía.vargas75@yahoo.com
62;Luis Vargas;luis.vargas35@gmail.com
63;Miguel Gómez;miguel.gómez35@gmail.com
64;Pedro Torres;pedro.torres17@gmail.com
65;Lucía Fernández;lucía.fernández20@gmail.com
66;Miguel Hernández;miguel.hernández77@hotmail.com
67;María Fernández;maría.fernández84@yahoo.com
68;MIGUEL MARTÍNEZ;miguel.martínez15@hotmail.com
69;María Fernández;maría.fernández62_at_yahoo.com
70;Elena Hernández;elena.hernández93@yahoo.com
71;Elena Pérez;elena.pérez82@yahoo.com
72;ANA RODRÍGUEZ;ana.rodríguez78@hotmail.com
73;ELENA HERNÁNDEZ;elena.hernández74@yahoo.com
74;JUAN RODRÍGUEZ;juan.rodríguez43@hotmail.com
75;Ana Hernández;ana.hernández50@hotmail.com
76;Carlos Gómez;carlos.gómez52@yahoo.com
77;Juan Torres;juan.torres5@hotmail.com
78;Luis Pérez;luis.pérez47@hotmail.com
79;Pedro Rodríguez;pedro.rodríguez88@gmail.com
80;Elena Hernández;elena.hernández31@yahoo.com
81;Ana Martínez;ana.martínez67@gmail.com
82;CARLOS GÓMEZ;carlos.gómez42@yahoo.com
83;Pedro Torres;pedro.torres96_at_yahoo.com
84;Sofía Vargas;sofía.vargas42@gmail.com
85;Ana Vargas;ana.vargas16@hotmail.com
86;María Torres;maría.torres24@hotmail.com
87;Pedro Fernández;pedro.fernández64@gmail.com
88;Sofía Fernández;sofía.fernández3@gmail.com
89;Sofía Ramírez;sofía.ramírez15_at_hotmail.com
90;Elena Pérez;elena.pérez47_at_hotmail.com
91;Ana Gómez;ana.gómez64@hotmail.com
92;Sofía Hernández;sofía.hernández47@yahoo.com
93;María Rodríguez;maría.rodríguez25@gmail.com
94;Carlos Gómez;carlos.gómez79@gmail.com
95;Miguel Vargas;miguel.vargas99@gmail.com
96;Carlos Torres;carlos.torres9@hotmail.com
97;Ana Ramírez;ana.ramírez94@yahoo.com
98;Luis Ramírez;luis.ramírez26@yahoo.com
99;Sofía Pérez;sofía.pérez71@hotmail.com
100;María Ramírez;maría.ramírez12@gmail.com
